{
  "model": "dpocket",
  "folds": [
    0,
    1,
    2,
    3,
    4
  ],
  "n_estimators": 100,
  "train_mcc_per_fold": [
    0.989640183723547,
    0.9900115004986335,
    0.9897925877607596,
    1.0,
    0.9896496452539668
  ],
  "val_mcc_per_fold": [
    0.37041704612225196,
    0.3430021807329543,
    0.3287935258102754,
    0.39637381836350566,
    0.474426703273226
  ],
  "train_mcc_mean": 0.9918187834473814,
  "train_mcc_std": 0.004092810822820456,
  "val_mcc_mean": 0.38260265486044265,
  "val_mcc_std": 0.05144591294110928
}