{
  "model": "maccs",
  "folds": [
    0,
    1,
    2,
    3,
    4
  ],
  "n_estimators": 100,
  "train_mcc_per_fold": [
    0.9130652759444292,
    0.9465696606695082,
    0.9177383686749786,
    0.9120954604818863,
    0.9217813259138269
  ],
  "val_mcc_per_fold": [
    0.39605772046386173,
    0.41433924095570507,
    0.4479718445799742,
    0.3920307946941393,
    0.4531525697911911
  ],
  "train_mcc_mean": 0.9222500183369258,
  "train_mcc_std": 0.012645111280587621,
  "val_mcc_mean": 0.42071043409697423,
  "val_mcc_std": 0.025559916970603988
}